{"cameraMode":{"drawMode":0,"name":"Shaded","section":"Shading Mode"},"sceneLighting":false,"audioPlay":false,"sceneViewState":{"showFog":true,"showMaterialUpdate":false,"showSkybox":false,"showFlares":true,"showImageEffects":true,"showParticleSystems":true},"in2DMode":false,"pivot":{"x":-0.04730188101530075,"y":-0.16216489672660829,"z":0.18448860943317414},"rotation":{"x":-0.057297978550195697,"y":0.8723317980766296,"z":-0.1054592877626419,"w":-0.47395408153533938},"size":2.2457354068756105,"orthographic":false}