{"cameraMode":{"drawMode":0,"name":"Shaded","section":"Shading Mode"},"sceneLighting":true,"audioPlay":false,"sceneViewState":{"showFog":true,"showMaterialUpdate":false,"showSkybox":false,"showFlares":true,"showImageEffects":true,"showParticleSystems":true},"in2DMode":false,"pivot":{"x":768.5533447265625,"y":59.468162536621097,"z":305.48992919921877},"rotation":{"x":0.01670023985207081,"y":0.7414021492004395,"z":-0.018463540822267534,"w":0.670599102973938},"size":201.57406616210938,"orthographic":false}