{"cameraMode":{"drawMode":0,"name":"Shaded","section":"Shading Mode"},"sceneLighting":false,"audioPlay":false,"sceneViewState":{"showFog":true,"showMaterialUpdate":false,"showSkybox":false,"showFlares":true,"showImageEffects":true,"showParticleSystems":true},"in2DMode":false,"pivot":{"x":-1.0725177526474,"y":0.7675711512565613,"z":-16.284732818603517},"rotation":{"x":0.09650257229804993,"y":0.8383330702781677,"z":-0.15775328874588014,"w":0.5128341913223267},"size":2.2457356452941896,"orthographic":false}