{"cameraMode":{"drawMode":0,"name":"Shaded","section":"Shading Mode"},"sceneLighting":true,"audioPlay":false,"sceneViewState":{"showFog":true,"showMaterialUpdate":false,"showSkybox":false,"showFlares":true,"showImageEffects":true,"showParticleSystems":true},"in2DMode":false,"pivot":{"x":2.554142475128174,"y":-2.0488815307617189,"z":-15.204833984375},"rotation":{"x":0.023617610335350038,"y":-0.7283900380134583,"z":0.02513939142227173,"w":0.6842939853668213},"size":1.341227412223816,"orthographic":true}