{"cameraMode":{"drawMode":0,"name":"Shaded","section":"Shading Mode"},"sceneLighting":false,"audioPlay":false,"sceneViewState":{"showFog":true,"showMaterialUpdate":false,"showSkybox":false,"showFlares":true,"showImageEffects":true,"showParticleSystems":true},"in2DMode":false,"pivot":{"x":2.244873046875,"y":-1.4848575592041016,"z":-7.752660274505615},"rotation":{"x":0.0010606780415400863,"y":0.7071062326431274,"z":-0.0010605622082948685,"w":0.7071057558059692},"size":0.6352885365486145,"orthographic":true}