{"cameraMode":{"drawMode":0,"name":"Shaded","section":"Shading Mode"},"sceneLighting":true,"audioPlay":false,"sceneViewState":{"showFog":true,"showMaterialUpdate":false,"showSkybox":false,"showFlares":true,"showImageEffects":true,"showParticleSystems":true},"in2DMode":false,"pivot":{"x":0.049353182315826419,"y":0.1548638641834259,"z":-1.945223093032837},"rotation":{"x":-0.022749366238713266,"y":-0.7238926291465759,"z":0.023897191509604455,"w":-0.689123272895813},"size":1.400944471359253,"orthographic":false}