{"cameraMode":{"drawMode":0,"name":"Shaded","section":"Shading Mode"},"sceneLighting":false,"audioPlay":false,"sceneViewState":{"showFog":true,"showMaterialUpdate":false,"showSkybox":false,"showFlares":true,"showImageEffects":true,"showParticleSystems":true},"in2DMode":false,"pivot":{"x":3.46484375,"y":-0.9711151123046875,"z":-13.487998962402344},"rotation":{"x":0.0031867215875536205,"y":0.7060379385948181,"z":-0.003177231177687645,"w":0.7081598043441773},"size":13.46592903137207,"orthographic":true}