{"cameraMode":{"drawMode":0,"name":"Shaded","section":"Shading Mode"},"sceneLighting":true,"audioPlay":false,"sceneViewState":{"showFog":false,"showMaterialUpdate":false,"showSkybox":false,"showFlares":false,"showImageEffects":false,"showParticleSystems":false},"in2DMode":false,"pivot":{"x":2.1318359375,"y":-1.5745716094970704,"z":-7.523509979248047},"rotation":{"x":-0.003229261375963688,"y":0.6964141726493836,"z":0.0031340988352894785,"w":0.7176259756088257},"size":0.7088125348091126,"orthographic":true}