{"cameraMode":{"drawMode":0,"name":"Shaded","section":"Shading Mode"},"sceneLighting":true,"audioPlay":false,"sceneViewState":{"showFog":true,"showMaterialUpdate":false,"showSkybox":false,"showFlares":true,"showImageEffects":true,"showParticleSystems":true},"in2DMode":false,"pivot":{"x":939.4326171875,"y":95.80242919921875,"z":500.4232177734375},"rotation":{"x":-0.36030012369155886,"y":-0.1747795045375824,"z":-0.06891945004463196,"w":0.9137210249900818},"size":281.8325500488281,"orthographic":true}