{"cameraMode":{"drawMode":0,"name":"Shaded","section":"Shading Mode"},"sceneLighting":false,"audioPlay":false,"sceneViewState":{"showFog":true,"showMaterialUpdate":false,"showSkybox":false,"showFlares":true,"showImageEffects":true,"showParticleSystems":true},"in2DMode":false,"pivot":{"x":9.329999923706055,"y":-1.538515567779541,"z":-15.7818021774292},"rotation":{"x":0.009545795619487763,"y":0.7070423364639282,"z":-0.009545564651489258,"w":0.707042396068573},"size":1.2047697305679322,"orthographic":true}