{"cameraMode":{"drawMode":0,"name":"Shaded","section":"Shading Mode"},"sceneLighting":false,"audioPlay":false,"sceneViewState":{"showFog":true,"showMaterialUpdate":false,"showSkybox":false,"showFlares":true,"showImageEffects":true,"showParticleSystems":true},"in2DMode":false,"pivot":{"x":-0.13605213165283204,"y":-0.1303192377090454,"z":-0.18239662051200868},"rotation":{"x":0.027620887383818628,"y":-0.6407380104064941,"z":-0.02307649329304695,"w":-0.7669155597686768},"size":1.0646758079528809,"orthographic":false}