{"cameraMode":{"drawMode":0,"name":"Shaded","section":"Shading Mode"},"sceneLighting":false,"audioPlay":false,"sceneViewState":{"showFog":true,"showMaterialUpdate":false,"showSkybox":false,"showFlares":true,"showImageEffects":true,"showParticleSystems":true},"in2DMode":false,"pivot":{"x":0.0,"y":1.8619999885559083,"z":-0.059999942779541019},"rotation":{"x":0.033667970448732379,"y":0.9069994688034058,"z":-0.41322824358940127,"w":0.07389817386865616},"size":12.945930480957032,"orthographic":false}