{"cameraMode":{"drawMode":0,"name":"Shaded","section":"Shading Mode"},"sceneLighting":false,"audioPlay":false,"sceneViewState":{"showFog":true,"showMaterialUpdate":false,"showSkybox":false,"showFlares":true,"showImageEffects":true,"showParticleSystems":true},"in2DMode":false,"pivot":{"x":-0.04730188101530075,"y":-0.12468495965003967,"z":0.18448860943317414},"rotation":{"x":0.3112298250198364,"y":-0.00855292472988367,"z":0.0028011519461870195,"w":0.9502921104431152},"size":2.283710479736328,"orthographic":false}